Time [MJD], Mag, MagErr
6.100971623874000215e+04,2.377862547642662605e+01,2.148845864231371458e-02
6.100971995392999816e+04,2.373009154012230937e+01,2.346462131967891676e-02
6.100972366910999699e+04,2.368526536026185880e+01,2.120092208917183363e-02
6.100972738466999726e+04,2.377440012296231941e+01,2.618453225998643163e-02
6.100973109985000337e+04,2.368977812115266346e+01,2.513996727970735368e-02
6.100973481503999938e+04,2.361243986919189553e+01,2.361479253576831416e-02
6.100973853021999821e+04,2.366961263152702344e+01,2.244645131459457529e-02
6.100974224577999848e+04,2.357191698091975951e+01,2.284818124254467744e-02
