Time [MJD], Mag, MagErr
6.100971623874000215e+04,2.353774592906675878e+01,2.162253561975317068e-02
6.100971995392999816e+04,2.347530067672288823e+01,2.331043509172043074e-02
6.100972366910999699e+04,2.340834859976703797e+01,2.063674611004916518e-02
6.100972738466999726e+04,2.349588613905952883e+01,2.545027047198850090e-02
6.100973109985000337e+04,2.347361365807318379e+01,2.587927456107935384e-02
6.100973481503999938e+04,2.344768754950410994e+01,2.548803659031791125e-02
6.100973853021999821e+04,2.342042923674030419e+01,2.241442013647744133e-02
6.100974224577999848e+04,2.335883036349275699e+01,2.358686185599314852e-02
