Time [MJD], Mag, MagErr
6.101422846097000001e+04,2.332387078729846408e+01,2.180336826735491604e-02
6.101423217614999885e+04,2.326695498948856411e+01,1.935713617805633058e-02
6.101423589134000213e+04,2.324731323402269467e+01,2.135268876988600725e-02
6.101423960688999796e+04,2.331940139032010251e+01,2.231866220746185278e-02
6.101424332208000124e+04,2.332048089168427296e+01,2.567952375677682100e-02
6.101424703726000007e+04,2.282940730851385069e+01,2.880404858190391271e-02
6.101425075245000335e+04,2.328346099618770637e+01,2.344264623653376928e-02
6.101425446799999918e+04,2.323946536186863199e+01,2.237476441451683590e-02
